quantile,value
q25,1390871.7658629827
q50,3212759.109394095
q75,7764449.599879843
